{
	"version": 1,
	"changelists": [
		{
			"guid": "00000000000000000000000000000000",
			"description": "Default Uncontrolled Changelist",
			"files": [
				"C:/Program Files/Epic Games/UE_5.3/Engine/Content/EngineDebugMaterials/MAT_LevelColorationLitLightmapUV.uasset",
				"C:/Users/devdp2/Downloads/sat-604/InfiniteMatrixStarter/Content/InfiniteMatrix/Blueprints/BP_Player.uasset",
				"C:/Users/devdp2/Downloads/sat-604/InfiniteMatrixStarter/Content/InfiniteMatrix/Blueprints/projectile.uasset",
				"C:/Users/devdp2/Downloads/sat-604/InfiniteMatrixStarter/Content/InfiniteMatrix/UI/hit.uasset",
				"C:/Users/devdp2/Downloads/sat-604/InfiniteMatrixStarter/Content/InfiniteMatrix/Maps/TutorialMap.umap",
				"C:/Users/devdp2/Downloads/InfiniteMatrixStarterProjectTutorialCompleted/InfiniteMatrixStarterProject/InfiniteMatrixStarter/Content/InfiniteMatrix/Blueprints/BP_Player.uasset",
				"C:/Users/devdp2/Downloads/InfiniteMatrixStarterProjectTutorialCompleted/InfiniteMatrixStarterProject/InfiniteMatrixStarter/Content/InfiniteMatrix/Blueprints/BP_Tunnel.uasset",
				"C:/Users/devdp2/Downloads/InfiniteMatrixStarterProjectTutorialCompleted/InfiniteMatrixStarterProject/InfiniteMatrixStarter/Content/InfiniteMatrix/UI/WBP_HUD.uasset",
				"C:/Users/devdp2/Downloads/InfiniteMatrixStarterProjectTutorialCompleted/InfiniteMatrixStarterProject/InfiniteMatrixStarter/Content/InfiniteMatrix/Maps/TutorialMap.umap",
				"C:/Users/devdp2/Downloads/MPEEE/MP0/InfiniteMatrixStarter/Content/InfiniteMatrix/Blueprints/healthbar.uasset",
				"C:/Users/devdp2/Downloads/MPEEE/MP0/InfiniteMatrixStarter/Content/InfiniteMatrix/Blueprints/BP_Tunnel.uasset",
				"C:/Users/devdp2/Downloads/MPEEE/MP0/InfiniteMatrixStarter/Content/InfiniteMatrix/Blueprints/BP_Player.uasset",
				"C:/Users/devdp2/Downloads/MPEEE/MP0/InfiniteMatrixStarter/Content/InfiniteMatrix/Maps/TutorialMap.umap",
				"C:/Users/devdp2/Downloads/MPEEE/MP0/InfiniteMatrixStarter/Content/InfiniteMatrix/Blueprints/score.uasset",
				"C:/Users/devdp2/Downloads/MPEEE/MP0/InfiniteMatrixStarter/Content/InfiniteMatrix/Blueprints/healthpack.uasset",
				"C:/Users/devdp2/Downloads/MPEEE/MP0/InfiniteMatrixStarter/Content/InfiniteMatrix/Blueprints/BP_TunnelSpawner.uasset",
				"C:/Users/devdp2/Downloads/MPEEE/MP0/InfiniteMatrixStarter/Content/InfiniteMatrix/Materials/NewMaterial.uasset",
				"C:/Users/devdp2/Downloads/MPEEE/MP0/InfiniteMatrixStarter/Content/InfiniteMatrix/Blueprints/enemy.uasset",
				"C:/Users/devdp2/Downloads/MPEEE/MP0/InfiniteMatrixStarter/Content/InfiniteMatrix/UI/WBP_Restart.uasset",
				"C:/Users/devdp2/Downloads/MPEEE/MP0/InfiniteMatrixStarter/Content/InfiniteMatrix/Blueprints/projectile.uasset",
				"C:/Users/devdp2/Downloads/InfiniteMatrixStarterProject/InfiniteMatrixStarter/Content/InfiniteMatrix/Blueprints/BP_Player.uasset",
				"C:/Users/devdp2/Downloads/InfiniteMatrixStarterProject/InfiniteMatrixStarter/Content/InfiniteMatrix/Blueprints/BP_TunnelSpawner.uasset",
				"C:/Users/devdp2/Downloads/InfiniteMatrixStarterProject/InfiniteMatrixStarter/Content/InfiniteMatrix/Maps/TutorialMap.umap",
				"C:/Users/devdp2/Downloads/InfiniteMatrixStarterProject/InfiniteMatrixStarter/Content/InfiniteMatrix/Blueprints/BP_Tunnel.uasset",
				"C:/Users/devdp2/Downloads/InfiniteMatrixStarterProject/InfiniteMatrixStarter/Content/InfiniteMatrix/UI/WBP_Restart.uasset",
				"C:/Users/devdp2/Downloads/MP0/InfiniteMatrixStarter/Content/InfiniteMatrix/UI/WBP_HUD.uasset",
				"C:/Users/devdp2/Downloads/MP0/InfiniteMatrixStarter/Content/InfiniteMatrix/Blueprints/healthbar.uasset",
				"C:/Users/devdp2/Downloads/MP0/InfiniteMatrixStarter/Content/InfiniteMatrix/Blueprints/BP_Player.uasset",
				"C:/Users/devdp2/Downloads/MP0/InfiniteMatrixStarter/Content/InfiniteMatrix/UI/WBP_Restart.uasset",
				"C:/Users/devdp2/Downloads/MP0/InfiniteMatrixStarter/Content/InfiniteMatrix/Blueprints/BP_Tunnel.uasset"
			]
		}
	]
}